DEALSIZE,AVERAGE ORDER VALUE
Large,4705.46439490446
Medium,3585.06985549133
Small,2020.58673946958
