PRODUCTLINE,REVENUE
Trucks and Buses,35.8039867109635
Motorcycles,35.2356495468278
Trains,35.2207792207792
Classic Cars,35.1520165460186
Planes,35.0555555555556
Ships,34.7307692307692
Vintage Cars,34.7100494233937
